impressions,clicks,spent,CTR,Avg CPC,App Install,total_conversion
7350,2,1.429999948,0.000272,0.715,0,2
17861,2,1.820000023,0.000112,0.91,0,2
693,0,0,0,0,0,0
4259,1,1.25,0.000235,1.25,0,1
4133,1,1.289999962,0.000242,1.29,0,1
1915,0,0,0,0,0,0
15615,3,4.769999981,0.000192,1.59,0,1
10951,1,1.269999981,0.000091,1.27,0,1
2355,1,1.5,0.000425,1.5,0,1
9502,3,3.159999967,0.000316,1.053,1,1
1224,0,0,0,0,0,0
735,0,0,0,0,0,0
5117,0,0,0,0,0,0
5120,0,0,0,0,0,0
14669,7,10.28000021,0.000477,1.469,1,1
1241,0,0,0,0,0,0
2305,1,0.569999993,0.000434,0.57,0,1
1024,0,0,0,0,0,0
4627,1,1.690000057,0.000216,1.69,0,1
21026,4,4.630000114,0.00019,1.158,1,2
1422,0,0,0,0,0,0
7132,2,2.609999895,0.00028,1.305,0,1
12190,2,3.049999952,0.000164,1.525,0,1
12193,2,3.059999943,0.000164,1.53,0,1
3332,0,0,0,0,0,0
559,0,0,0,0,0,0
7440,2,2.980000019,0.000269,1.49,0,1
19113,4,5.5200001,0.000209,1.38,0,1
10976,2,1.690000057,0.000182,0.845,0,1
2861,0,0,0,0,0,0
1398,0,0,0,0,0,0
23817,7,8.470000148,0.000294,1.21,1,1
47224,12,15.82000017,0.000254,1.318,1,1
2283,1,1.470000029,0.000438,1.47,0,1
2182,1,1.529999971,0.000458,1.53,0,1
2654,0,0,0,0,0,0
57665,14,18.06999969,0.000243,1.291,1,1
3091,1,1.610000014,0.000324,1.61,0,1
5014,1,1.190000057,0.000199,1.19,0,1
38726,7,9.220000267,0.000181,1.317,1,1
1473,0,0,0,0,0,0
1186,0,0,0,0,0,0
5369,1,1.50999999,0.000186,1.51,0,1
22221,7,9.430000067,0.000315,1.347,1,1
1185,0,0,0,0,0,0
13019,5,6.960000038,0.000384,1.392,0,1
2508,1,1.220000029,0.000399,1.22,0,1
5864,2,2.799999952,0.000341,1.4,0,1
2783,1,1.600000024,0.000359,1.6,0,1
3812,1,1.129999995,0.000262,1.13,0,2
11199,4,5.730000019,0.000357,1.433,0,1
292,0,0,0,0,0,0
17572,7,9.379999995,0.000398,1.34,1,1
1448,0,0,0,0,0,0
1772,0,0,0,0,0,0
13329,4,5.629999995,0.0003,1.407,1,1
13659,3,3.840000033,0.00022,1.28,1,1
739,0,0,0,0,0,0
605,0,0,0,0,0,0
1030,0,0,0,0,0,0
5374,1,1.039999962,0.000186,1.04,0,4
790,0,0,0,0,0,0
962,0,0,0,0,0,0
4423,1,1.460000038,0.000226,1.46,0,1
12382,2,2.839999914,0.000162,1.42,0,1
2938,1,1.350000024,0.00034,1.35,0,1
239,0,0,0,0,0,0
591,0,0,0,0,0,0
10332,4,5.75,0.000387,1.438,1,1
8259,3,3.980000019,0.000363,1.327,1,1
12158,3,4.449999928,0.000247,1.483,1,1
7709,2,1.320000052,0.000259,0.66,0,2
834,0,0,0,0,0,0
1299,0,0,0,0,0,0
371,0,0,0,0,0,0
10466,3,4.090000033,0.000287,1.363,1,1
839,0,0,0,0,0,0
5576,1,1.529999971,0.000179,1.53,0,1
4010,0,0,0,0,0,0
39337,7,10.03000009,0.000178,1.433,1,1
1635,0,0,0,0,0,0
1631,0,0,0,0,0,0
13479,3,4.25,0.000223,1.417,0,1
57022,13,20.29000032,0.000228,1.561,3,3
5453,1,1.389999986,0.000183,1.39,0,1
11803,3,4.440000057,0.000254,1.48,1,1
4259,1,1.570000052,0.000235,1.57,0,1
1554,0,0,0,0,0,0
5323,1,1.289999962,0.000188,1.29,0,1
5024,1,1.409999967,0.000199,1.41,0,1
104648,24,33.33000004,0.000229,1.389,10,4
8504,3,3.340000093,0.000353,1.113,0,1
20277,6,8.050000072,0.000296,1.342,1,1
12403,4,5.210000038,0.000323,1.303,1,1
498,0,0,0,0,0,0
652,0,0,0,0,0,0
1357,0,0,0,0,0,0
1393,0,0,0,0,0,0
648,0,0,0,0,0,0
708,0,0,0,0,0,0
6907,2,2.349999964,0.00029,1.175,0,1
39035,13,19.32999957,0.000333,1.487,5,1
926,0,0,0,0,0,0
4412,1,1.450000048,0.000227,1.45,0,1
9965,3,4.050000072,0.000301,1.35,0,1
73634,23,32.97999978,0.000312,1.434,9,1
69708,20,31.28999949,0.000287,1.564,9,1
530,0,0,0,0,0,0
14257,6,8.789999962,0.000421,1.465,0,1
20362,5,9.119999886,0.000246,1.824,0,1
12215,4,6.26000011,0.000327,1.565,0,1
85412,28,38.63999999,0.000328,1.38,10,2
2338,1,0.239999995,0.000428,0.24,0,1
2522,0,0,0,0,0,0
3587,0,0,0,0,0,0
1273,0,0,0,0,0,0
3891,1,1.090000033,0.000257,1.09,0,1
1888,0,0,0,0,0,0
1895,0,0,0,0,0,0
715,0,0,0,0,0,0
11199,2,2.680000067,0.000179,1.34,0,1
5676,2,3.00999999,0.000352,1.505,0,1
1415,0,0,0,0,0,0
2148,1,1.580000043,0.000466,1.58,0,1
45401,10,14.06000042,0.00022,1.406,2,1
7478,2,2.900000095,0.000267,1.45,0,1
4919,1,1.590000033,0.000203,1.59,0,1
533,0,0,0,0,0,0
1447,0,0,0,0,0,0
17553,3,4.590000153,0.000171,1.53,1,1
3343,1,0.540000021,0.000299,0.54,0,1
523,0,0,0,0,0,0
1873,0,0,0,0,0,0
34740,7,13.41000009,0.000201,1.916,1,1
658,0,0,0,0,0,0
1539,0,0,0,0,0,0
3010,1,0.860000014,0.000332,0.86,0,1
27081,9,10.77000046,0.000332,1.197,1,1
20233,4,5.590000153,0.000198,1.398,1,3
147159,36,58.16000044,0.000245,1.616,12,3
21664,7,10.61999977,0.000323,1.517,1,1
9112,4,5.460000038,0.000439,1.365,0,1
542,0,0,0,0,0,0
402,0,0,0,0,0,0
1338,0,0,0,0,0,0
46150,15,20.17999983,0.000325,1.345,2,1
493821,116,176.3799977,0.000235,1.521,12,4
92011,27,34.39000046,0.000293,1.274,3,2
12956,4,5.49000001,0.000309,1.373,0,1
529,0,0,0,0,0,0
944,1,1.419999957,0.001059,1.42,0,1
111090,38,51.97000027,0.000342,1.368,10,5
7208,2,3.190000057,0.000277,1.595,0,1
1746,0,0,0,0,0,0
2474,0,0,0,0,0,0
12489,2,1.960000038,0.00016,0.98,0,1
8032,1,0.600000024,0.000125,0.6,0,2
472,0,0,0,0,0,0
792,0,0,0,0,0,0
4607,1,1.149999976,0.000217,1.15,0,1
13355,2,3.180000067,0.00015,1.59,0,1
2936,0,0,0,0,0,0
2793,1,0.980000019,0.000358,0.98,0,1
1032,0,0,0,0,0,0
1662,0,0,0,0,0,0
4016,2,1.480000049,0.000498,0.74,0,1
14843,3,2.939999938,0.000202,0.98,1,1
9674,3,4.600000024,0.00031,1.533,1,1
12186,2,2.669999957,0.000164,1.335,0,1
673,0,0,0,0,0,0
370,0,0,0,0,0,0
450,0,0,0,0,0,0
2077,0,0,0,0,0,0
31393,8,10.96000051,0.000255,1.37,1,1
8410,2,2.359999895,0.000238,1.18,0,1
25884,5,7.350000143,0.000193,1.47,1,1
608,0,0,0,0,0,0
28488,10,9.340000033,0.000351,0.934,3,1
10126,3,4.619999886,0.000296,1.54,0,1
22572,5,8.5,0.000222,1.7,1,1
1955,0,0,0,0,0,0
493,0,0,0,0,0,0
1491,0,0,0,0,0,0
1495,0,0,0,0,0,0
512,0,0,0,0,0,0
4868,2,2.420000076,0.000411,1.21,0,1
6585,2,2.950000048,0.000304,1.475,0,1
10164,2,3.720000029,0.000197,1.86,0,1
11182,4,4.449999809,0.000358,1.112,1,1
1238,0,0,0,0,0,0
34127,8,13.07000017,0.000234,1.634,1,1
29466,7,10.84999967,0.000238,1.55,0,2
38759,9,10.84999967,0.000232,1.206,1,1
41720,10,12.06000006,0.00024,1.206,2,1
18602,5,8.860000134,0.000269,1.772,1,1
83929,21,27.72999954,0.00025,1.32,8,4
25194,6,7.349999905,0.000238,1.225,2,1
78627,19,26.53000045,0.000242,1.396,6,1
102695,25,39.42999983,0.000243,1.577,11,3
82827,24,47.93000031,0.00029,1.997,12,3
9240,3,6.039999962,0.000325,2.013,0,1
7706,2,2.369999886,0.00026,1.185,0,1
7821,4,6.340000153,0.000511,1.585,1,1
1363,0,0,0,0,0,0
3569,0,0,0,0,0,0
119063,34,53.21999949,0.000286,1.565,9,1
99078,23,35.79999948,0.000232,1.557,5,2
452398,114,180.2200012,0.000252,1.581,11,1
191223,48,76.41000056,0.000251,1.592,5,1
22216,6,9.549999952,0.00027,1.592,0,1
48291,11,18.01999998,0.000228,1.638,3,1
27559,8,13.37,0.00029,1.671,1,1
10194,4,4.590000033,0.000392,1.148,1,2
1168,0,0,0,0,0,0
40126,16,25.86000001,0.000399,1.616,4,1
3659,1,0.49000001,0.000273,0.49,0,1
3200,0,0,0,0,0,0
7550,1,1.679999948,0.000132,1.68,1,1
45397,15,25.41999936,0.00033,1.695,2,1
23086,2,3.310000062,0.000087,1.655,0,1
16425,1,1.549999952,0.000061,1.55,1,1
43756,5,5.439999938,0.000114,1.088,2,0
9982,0,0,0,0,0,0
175389,55,81.60999787,0.000314,1.484,21,1
7015,0,0,0,0,0,0
12706,3,4.98999989,0.000236,1.663,0,1
70702,20,31.7099998,0.000283,1.585,9,1
63927,16,25.52000046,0.00025,1.595,6,2
15105,3,4.25999999,0.000199,1.42,0,1
8774,1,1.830000043,0.000114,1.83,0,1
14459,1,1.389999986,0.000069,1.39,0,1
21596,2,2.809999943,0.000093,1.405,0,1
66765,8,11.04999971,0.00012,1.381,1,1
1369,0,0,0,0,0,0
26910,5,7.229999781,0.000186,1.446,1,1
506,0,0,0,0,0,0
11988,3,4.269999862,0.00025,1.423,0,1
19353,6,9.4799999,0.00031,1.58,1,1
10960,2,2.890000105,0.000182,1.445,0,1
33491,6,10.56999969,0.000179,1.762,1,2
20083,2,3.200000048,0.0001,1.6,0,2
8817,0,0,0,0,0,0
15466,1,0.970000029,0.000065,0.97,0,1
27072,3,4.370000005,0.000111,1.457,0,1
15753,1,0.569999993,0.000063,0.57,0,1
3523,1,1.809999943,0.000284,1.81,0,1
7745,0,0,0,0,0,0
18709,2,3.319999933,0.000107,1.66,0,1
8022,0,0,0,0,0,0
7966,1,1.179999948,0.000126,1.18,0,1
4132,0,0,0,0,0,0
12785,3,4.730000019,0.000235,1.577,0,2
8213,1,1.379999995,0.000122,1.38,0,1
545,0,0,0,0,0,0
2479,1,1.25999999,0.000403,1.26,0,1
3812,2,3.049999952,0.000525,1.525,0,1
1609,0,0,0,0,0,0
10257,3,3.579999924,0.000292,1.193,0,1
12356,4,6.279999971,0.000324,1.57,1,1
7410,1,1.210000038,0.000135,1.21,0,1
140098,28,46.63000011,0.0002,1.665,9,1
107021,20,34.44000012,0.000187,1.722,9,1
2797,1,1.289999962,0.000358,1.29,0,1
16461,6,9.21999979,0.000364,1.537,1,1
17488,5,7.719999909,0.000286,1.544,0,1
9750,2,1.5,0.000205,0.75,0,1
1136,0,0,0,0,0,0
4333,1,0.180000007,0.000231,0.18,0,1
6260,0,0,0,0,0,0
6359,0,0,0,0,0,0
2383,0,0,0,0,0,0
11292,3,5.389999866,0.000266,1.797,0,1
12729,4,5.779999852,0.000314,1.445,0,1
1898,0,0,0,0,0,0
1882,0,0,0,0,0,0
2883,1,0.99000001,0.000347,0.99,0,1
3989,1,1.279999971,0.000251,1.28,0,1
19603,4,5.279999971,0.000204,1.32,0,1
3047,1,1.379999995,0.000328,1.38,0,1
3029,1,1.049999952,0.00033,1.05,0,1
3490,1,1.340000033,0.000287,1.34,0,1
2479,0,0,0,0,0,0
19581,7,10.42999983,0.000357,1.49,1,2
19537,5,6.099999905,0.000256,1.22,0,1
59433,12,19.65999949,0.000202,1.638,2,3
157534,33,56.19000077,0.000209,1.703,12,2
1781,0,0,0,0,0,0
23769,4,6.029999852,0.000168,1.507,0,1
7101,0,0,0,0,0,0
4726,1,1.830000043,0.000212,1.83,0,1
5209,1,0.959999979,0.000192,0.96,0,2
13473,3,2.619999945,0.000223,0.873,0,3
500,0,0,0,0,0,0
4616,1,1.360000014,0.000217,1.36,0,1
3279,0,0,0,0,0,0
3288,0,0,0,0,0,0
14615,4,6.050000191,0.000274,1.513,0,1
56615,12,19.88000035,0.000212,1.657,2,2
11735,3,4.529999971,0.000256,1.51,0,1
15910,5,6.779999852,0.000314,1.356,1,1
11446,2,3.090000033,0.000175,1.545,0,1
4595,0,0,0,0,0,0
4871,0,0,0,0,0,0
3199,0,0,0,0,0,0
9388,2,3.140000105,0.000213,1.57,0,1
17954,6,7.5400002,0.000334,1.257,1,2
2755,0,0,0,0,0,0
8152,1,0.99000001,0.000123,0.99,0,1
74542,19,34.1500001,0.000255,1.797,4,1
6699,2,3.090000033,0.000299,1.545,0,1
11911,4,3.959999919,0.000336,0.99,1,1
10090,2,2.650000095,0.000198,1.325,2,1
1273,0,0,0,0,0,0
24188,5,8.179999828,0.000207,1.636,1,1
2214,0,0,0,0,0,0
9735,4,4.130000114,0.000411,1.033,0,1
1371,0,0,0,0,0,0
10750,4,5.389999866,0.000372,1.347,1,1
7629,1,0.720000029,0.000131,0.72,0,1
4608,0,0,0,0,0,0
3732,0,0,0,0,0,0
7453,1,1.679999948,0.000134,1.68,0,1
41785,14,19.10000038,0.000335,1.364,5,1
8077,2,3.579999924,0.000248,1.79,0,1
5602,1,1.580000043,0.000179,1.58,0,1
6184,2,2.75,0.000323,1.375,0,1
1738,0,0,0,0,0,0
112460,25,41.29000068,0.000222,1.652,8,1
4414,0,0,0,0,0,0
14670,7,9.410000324,0.000477,1.344,2,1
33144,9,13.40999985,0.000272,1.49,4,1
4397,1,0.949999988,0.000227,0.95,0,1
1006,0,0,0,0,0,0
89527,24,32.28999996,0.000268,1.345,10,1
2459,0,0,0,0,0,0
7116,2,1.730000019,0.000281,0.865,0,1
8613,1,0.889999986,0.000116,0.89,0,2
9730,1,1.379999995,0.000103,1.38,0,1
51816,8,10.2299999,0.000154,1.279,2,2
27289,3,4.429999828,0.00011,1.477,3,1
20409,4,3.829999924,0.000196,0.957,1,1
8044,1,1.110000014,0.000124,1.11,0,1
15645,4,5.349999905,0.000256,1.337,2,1
2466,0,0,0,0,0,0
11611,3,3.950000048,0.000258,1.317,0,1
9375,3,4.019999981,0.00032,1.34,0,1
4402,1,1.330000043,0.000227,1.33,0,1
8469,2,3.089999914,0.000236,1.545,0,1
5823,1,1.419999957,0.000172,1.42,0,1
2549,0,0,0,0,0,0
25817,4,6.019999981,0.000155,1.505,1,1
1961,0,0,0,0,0,0
2554,0,0,0,0,0,0
4971,1,1.230000019,0.000201,1.23,0,1
1030,0,0,0,0,0,0
162341,56,77.07999969,0.000345,1.376,12,3
24542,7,9.329999924,0.000285,1.333,0,1
2879,0,0,0,0,0,0
13621,3,4.090000033,0.00022,1.363,0,1
6175,1,1.370000005,0.000162,1.37,0,2
2963,0,0,0,0,0,0
9076,1,1.379999995,0.00011,1.38,0,1
20941,4,5.909999967,0.000191,1.477,0,1
3462,0,0,0,0,0,0
4073,0,0,0,0,0,0
3745,0,0,0,0,0,0
830,0,0,0,0,0,0
2912,0,0,0,0,0,0
17167,5,6.910000086,0.000291,1.382,0,1
24491,7,9.539999962,0.000286,1.363,0,1
44699,13,17.30000037,0.000291,1.331,5,2
6469,2,1.309999943,0.000309,0.655,0,1
16053,3,4.079999924,0.000187,1.36,0,1
54724,12,17.92999995,0.000219,1.494,4,1
4706,1,1.220000029,0.000212,1.22,0,1
8316,3,4.569999933,0.000361,1.523,0,1
5794,2,2.269999981,0.000345,1.135,0,1
4813,1,1.029999971,0.000208,1.03,0,1
85285,26,36.13000035,0.000305,1.39,9,1
5839,1,1.370000005,0.000171,1.37,0,1
5859,1,1.539999962,0.000171,1.54,0,1
164118,41,59.06999993,0.00025,1.441,9,1
18234,6,7.810000062,0.000329,1.302,0,1
2755,0,0,0,0,0,0
73676,20,28.5,0.000271,1.425,9,1
18421,7,10.07999992,0.00038,1.44,0,1
164754,49,67.97999978,0.000297,1.387,12,2
7449,1,1.639999986,0.000134,1.64,0,1
6424,1,0.529999971,0.000156,0.53,0,1
2086,0,0,0,0,0,0
6016,0,0,0,0,0,0
6412,1,1.370000005,0.000156,1.37,0,1
5040,1,1.440000057,0.000198,1.44,0,1
1772,0,0,0,0,0,0
1783,0,0,0,0,0,0
8200,3,3.919999957,0.000366,1.307,0,1
115896,38,49.44000006,0.000328,1.301,12,1
10186,1,1.230000019,0.000098,1.23,0,1
9134,3,4.180000067,0.000328,1.393,0,2
3385,1,1.440000057,0.000295,1.44,0,1
1314,0,0,0,0,0,0
2916,0,0,0,0,0,0
6142,1,1.330000043,0.000163,1.33,0,1
1984,0,0,0,0,0,0
9142,3,3.749999881,0.000328,1.25,0,1
5475,2,2.730000019,0.000365,1.365,0,1
8254,2,2.320000052,0.000242,1.16,0,1
5704,1,1.320000052,0.000175,1.32,0,1
7301,0,0,0,0,0,0
37873,5,6.169999957,0.000132,1.234,0,1
25267,4,4.940000057,0.000158,1.235,0,2
535,0,0,0,0,0,0
3396,0,0,0,0,0,0
977,0,0,0,0,0,0
12318,5,6.340000153,0.000406,1.268,0,1
4783,1,0.860000014,0.000209,0.86,0,1
6475,1,1.350000024,0.000154,1.35,0,1
104578,29,39.25000095,0.000277,1.353,11,1
33664,11,12.51000035,0.000327,1.137,5,1
979,0,0,0,0,0,0
7337,3,4.079999924,0.000409,1.36,0,1
2499,0,0,0,0,0,0
11244,3,4.550000191,0.000267,1.517,0,1
4827,0,0,0,0,0,0
29035,7,8.910000086,0.000241,1.273,0,2
761,0,0,0,0,0,0
6532,1,1.610000014,0.000153,1.61,0,1
11537,3,4.300000191,0.00026,1.433,0,1
12183,3,2.869999945,0.000246,0.957,0,1
5912,1,1.559999943,0.000169,1.56,0,1
4012,1,1.570000052,0.000249,1.57,0,1
12396,2,3.210000038,0.000161,1.605,0,2
3142,0,0,0,0,0,0
1120,0,0,0,0,0,0
343,0,0,0,0,0,0
1720,0,0,0,0,0,0
3423,0,0,0,0,0,0
3242,0,0,0,0,0,0
15720,1,1.379999995,0.000064,1.38,0,1
1217,0,0,0,0,0,0
2367,2,2.839999914,0.000845,1.42,0,1
6607,1,1.320000052,0.000151,1.32,0,2
616,0,0,0,0,0,0
5537,1,1.519999981,0.000181,1.52,0,1
818,0,0,0,0,0,0
1909,1,0.980000019,0.000524,0.98,0,1
351,0,0,0,0,0,0
572,0,0,0,0,0,0
1884,1,1.409999967,0.000531,1.41,0,1
219,0,0,0,0,0,0
540,0,0,0,0,0,0
550,0,0,0,0,0,0
465,0,0,0,0,0,0
1761,0,0,0,0,0,0
152,0,0,0,0,0,0
152,0,0,0,0,0,0
429,0,0,0,0,0,0
1514,0,0,0,0,0,0
7780,3,4.329999924,0.000386,1.443,0,2
460,0,0,0,0,0,0
471,0,0,0,0,0,0
2633,1,1.070000052,0.00038,1.07,0,1
199,0,0,0,0,0,0
398,0,0,0,0,0,0
246,0,0,0,0,0,0
2967,1,1.5,0.000337,1.5,0,1
255,0,0,0,0,0,0
457,0,0,0,0,0,0
5517,1,1.230000019,0.000181,1.23,0,1
1539,0,0,0,0,0,0
3189,0,0,0,0,0,0
3348,0,0,0,0,0,0
20050,4,4.659999847,0.0002,1.165,0,4
2254,0,0,0,0,0,0
5894,1,1.539999962,0.00017,1.54,0,1
9948,2,2.720000029,0.000201,1.36,0,2
5307,3,4.289999962,0.000565,1.43,0,2
4621,2,3.25,0.000433,1.625,0,1
784,0,0,0,0,0,0
5775,1,1.580000043,0.000173,1.58,0,1
9297,2,2.619999886,0.000215,1.31,0,2
699,0,0,0,0,0,0
1104,0,0,0,0,0,0
3717,1,1.539999962,0.000269,1.54,0,1
2879,1,1.590000033,0.000347,1.59,0,2
2749,1,1.389999986,0.000364,1.39,0,1
24028,9,12.39000034,0.000375,1.377,4,2
1118,0,0,0,0,0,0
1083,0,0,0,0,0,0
843,0,0,0,0,0,0
2983,1,0.970000029,0.000335,0.97,0,1
696,0,0,0,0,0,0
7589,2,3.150000095,0.000264,1.575,0,1
20997,10,11.94999981,0.000476,1.195,2,1
4617,1,1.360000014,0.000217,1.36,0,1
259,0,0,0,0,0,0
1134,0,0,0,0,0,0
357,0,0,0,0,0,0
848,0,0,0,0,0,0
3149,1,1.480000019,0.000318,1.48,0,1
87,0,0,0,0,0,0
2563,1,1.480000019,0.00039,1.48,0,1
1107,0,0,0,0,0,0
10677,5,7.269999981,0.000468,1.454,0,1
2189,1,0.409999996,0.000457,0.41,0,1
3277,2,2.680000067,0.00061,1.34,0,1
781,0,0,0,0,0,0
2226,0,0,0,0,0,0
16274,4,6.079999924,0.000246,1.52,0,2
2077,1,1.50999999,0.000481,1.51,0,1
529,0,0,0,0,0,0
487,0,0,0,0,0,0
4626,2,2.099999905,0.000432,1.05,0,2
2764,1,1.559999943,0.000362,1.56,0,1
5447,2,2.960000038,0.000367,1.48,0,1
28169,8,12.36999989,0.000284,1.546,2,1
415,0,0,0,0,0,0
810,0,0,0,0,0,0
1194718,141,254.049996,0.000118,1.802,15,28
637648,67,122.4,0.000105,1.827,14,13
24362,0,0,0,0,0,0
459690,50,86.33000112,0.000109,1.727,12,5
750060,86,161.9099991,0.000115,1.883,5,11
30068,1,1.820000052,0.000033,1.82,0,1
1267550,123,236.7699986,0.000097,1.925,11,24
3052003,340,639.9499981,0.000111,1.882,80,60
29945,1,1.590000033,0.000033,1.59,0,2
357856,30,52.97000015,0.000084,1.766,10,7
2080666,202,360.1500015,0.000097,1.783,47,40
145999,9,16.5200001,0.000062,1.836,2,5
32616,1,1.539999962,0.000031,1.54,0,2
984521,95,163.8999972,0.000096,1.725,9,26
880814,123,210.3600006,0.00014,1.71,11,6
182452,20,35.73000026,0.00011,1.787,15,4
894911,120,215.8399994,0.000134,1.799,10,7
31349,2,3.800000072,0.000064,1.9,0,1
410310,55,96.80000055,0.000134,1.76,15,3
572450,89,157.329998,0.000155,1.768,21,7
98759,15,26.56999946,0.000152,1.771,0,1
345371,54,93.08999991,0.000156,1.724,18,7
323899,46,78.9200002,0.000142,1.716,12,5
399199,58,103.1500002,0.000145,1.778,16,3
171202,22,36.53000021,0.000129,1.66,12,3
128386,15,28.85000002,0.000117,1.923,0,2
1034284,152,257.7099986,0.000147,1.695,17,20
45923,5,7.220000148,0.000109,1.444,0,2
40873,4,7.899999976,0.000098,1.975,0,2
286553,34,62.06000042,0.000119,1.825,10,2
20618,1,2.099999905,0.000049,2.1,0,2
83591,7,14.14000046,0.000084,2.02,0,2
114923,12,23.73000026,0.000104,1.978,0,4
25002,1,1.710000038,0.00004,1.71,0,1
68905,5,9.440000057,0.000073,1.888,0,1
169588,16,27.79999924,0.000094,1.737,8,1
328991,35,67.65000057,0.000106,1.933,19,5
23198,2,2.980000019,0.000086,1.49,2,1
26890,2,3.24000001,0.000074,1.62,2,1
221695,31,52.26000011,0.00014,1.686,12,5
88443,7,13.0400002,0.000079,1.863,5,1
187856,23,38.38999975,0.000122,1.669,2,5
570699,80,138.7699997,0.00014,1.735,5,9
1063508,145,260.3800013,0.000136,1.796,13,23
50523,6,8.549999952,0.000119,1.425,0,1
87935,9,15.63000023,0.000102,1.737,0,1
278225,33,60.19999957,0.000119,1.824,17,3
209461,20,34.19000006,0.000095,1.71,4,1
26316,2,3.24000001,0.000076,1.62,0,3
41030,3,5.140000105,0.000073,1.713,0,2
876671,120,216.5599982,0.000137,1.805,13,22
399392,53,93.07000041,0.000133,1.756,19,5
283858,30,56.05999923,0.000106,1.869,12,1
260699,31,54.09999871,0.000119,1.745,12,5
57781,5,7.800000072,0.000087,1.56,0,2
38757,3,5.220000029,0.000077,1.74,0,1
1392288,206,358.5500029,0.000148,1.741,76,31
1109387,159,280.9899995,0.000143,1.767,11,13
581281,65,115.1200008,0.000112,1.771,19,10
1048861,128,219.770002,0.000122,1.717,11,22
297452,30,52.01999986,0.000101,1.734,10,4
227925,22,35.30999994,0.000097,1.605,2,22
374175,38,63.32000101,0.000102,1.666,12,8
223586,32,54.24000037,0.000143,1.695,12,1
283170,39,65.22999996,0.000138,1.673,12,2
41636,3,4.210000038,0.000072,1.403,0,1
198658,30,48.60999978,0.000151,1.62,12,8
100596,10,13.91999972,0.000099,1.392,5,4
64020,5,11.0599997,0.000078,2.212,0,1
14289,0,0,0,0,0,0
404866,43,87.42000079,0.000106,2.033,12,4
22256,1,1.659999967,0.000045,1.66,0,1
57690,4,6.74000001,0.000069,1.685,0,1
24952,5,8.220000267,0.0002,1.644,0,3
38900,3,5.580000043,0.000077,1.86,0,1
53520,6,9.2299999,0.000112,1.538,0,1
181683,20,34.22999972,0.00011,1.711,4,2
29185,2,3.149999976,0.000069,1.575,0,1
105047,13,20.2099994,0.000124,1.555,2,3
287976,31,59.43999982,0.000108,1.917,16,3
212175,22,38.58999968,0.000104,1.754,6,2
11139,0,0,0,0,0,0
124005,11,21.84999979,0.000089,1.986,2,4
20423,1,1.960000038,0.000049,1.96,0,1
103001,14,22.32000005,0.000136,1.594,0,1
447420,66,110.2399991,0.000148,1.67,14,7
156101,19,29.75000048,0.000122,1.566,1,2
93015,12,18.47000015,0.000129,1.539,0,1
145398,23,36.24000025,0.000158,1.576,4,1
296413,50,76.43999958,0.000169,1.529,17,3
9370,0,0,0,0,0,0
63785,7,11.80000019,0.00011,1.686,0,6
118522,14,26.81999981,0.000118,1.916,4,2
240123,38,65.67000115,0.000158,1.728,5,5
169108,20,32.24000025,0.000118,1.612,12,2
1044442,142,245.5999999,0.000136,1.73,11,22
93891,11,17.6400001,0.000117,1.604,0,5
185823,25,38.54999936,0.000135,1.542,5,4
175631,23,40.75999951,0.000131,1.772,3,1
37187,4,6.370000005,0.000108,1.593,0,1
10991,0,0,0,0,0,0
344618,51,89.76000047,0.000148,1.76,12,3
98066,9,16.1500001,0.000092,1.794,0,1
770749,100,189.1299984,0.00013,1.891,9,13
52553,5,8.529999852,0.000095,1.706,0,1
362296,39,67.77000129,0.000108,1.738,16,7
427729,50,96.8999989,0.000117,1.938,19,4
180351,21,37.13000011,0.000116,1.768,12,1
187329,29,53.15999961,0.000155,1.833,12,2
782894,118,192.9299995,0.000151,1.635,11,5
1206533,128,236.1199988,0.000106,1.845,12,17
84494,7,12.57000017,0.000083,1.796,0,2
94257,7,12.5800004,0.000074,1.797,0,1
131060,16,28.04999959,0.000122,1.753,8,2
341603,50,83.48000121,0.000146,1.67,21,4
140749,19,30.4799999,0.000135,1.604,5,1
102525,13,20.29999983,0.000127,1.562,0,2
447952,68,131.5799983,0.000152,1.935,18,8
76355,9,14.62999988,0.000118,1.626,0,2
256598,38,64.46999931,0.000148,1.697,12,6
127476,21,30.15000057,0.000165,1.436,19,3
237603,37,62.25000024,0.000156,1.682,12,5
271091,42,78.03999984,0.000155,1.858,16,3
21743,2,3.400000095,0.000092,1.7,0,1
88970,10,14.8300004,0.000112,1.483,0,2
108362,13,22.42999983,0.00012,1.725,3,1
188596,27,44.14000034,0.000143,1.635,9,3
275080,43,69.65999997,0.000156,1.62,19,4
64647,10,16.26999998,0.000155,1.627,2,1
31265,4,5.789999902,0.000128,1.447,0,1
140147,24,42.08000016,0.000171,1.753,5,2
223120,40,67.66999984,0.000179,1.692,10,1
104869,18,34.07000089,0.000172,1.893,0,1
165177,23,41.71999967,0.000139,1.814,3,4
84194,11,19.56999981,0.000131,1.779,0,1
220581,31,57.37,0.000141,1.851,5,1
75804,10,17.36999965,0.000132,1.737,2,2
368986,59,100.289999,0.00016,1.7,18,0
28194,3,3.709999919,0.000106,1.237,0,2
99961,14,23.2099998,0.00014,1.658,3,1
7573,0,0,0,0,0,0
685781,103,177.8899992,0.00015,1.727,9,10
274222,43,66.7700001,0.000157,1.553,20,2
110503,25,32.67999995,0.000226,1.307,12,4
1447755,233,420.5799983,0.000161,1.805,42,11
358987,52,87.55000067,0.000145,1.684,17,1
826205,125,232.3700008,0.000151,1.859,11,5
550954,84,150.1400012,0.000152,1.787,5,3
378350,55,96.48000073,0.000145,1.754,15,4
492784,56,95.5100013,0.000114,1.706,10,7
327158,43,72.3100003,0.000131,1.682,18,6
9921,0,0,0,0,0,0
59390,5,9.209999919,0.000084,1.842,0,5
1040330,147,254.2500038,0.000141,1.73,12,13
49422,6,11.17000031,0.000121,1.862,0,1
131091,18,34.23000026,0.000137,1.902,5,3
95691,15,25.26000011,0.000157,1.684,5,1
15513,1,1.289999962,0.000064,1.29,0,1
382537,63,113.9900012,0.000165,1.809,19,4
461356,64,121.0999982,0.000139,1.892,17,6
392541,53,98.70000017,0.000135,1.862,20,3
35088,5,8.800000072,0.000142,1.76,1,1
53933,6,9.929999948,0.000111,1.655,1,3
228861,33,53.38999939,0.000144,1.618,8,4
20959,2,3.769999981,0.000095,1.885,0,1
24992,2,3.190000057,0.00008,1.595,0,1
100351,15,24.17999995,0.000149,1.612,6,2
292448,43,76.89999968,0.000147,1.788,12,2
65060,7,14.5200001,0.000108,2.074,0,1
133316,21,36.17000055,0.000158,1.722,11,2
113501,26,38.44000077,0.000229,1.478,23,5
192810,41,61.92999995,0.000213,1.51,23,4
233404,43,70.4100008,0.000184,1.637,10,2
128843,24,37.5999999,0.000186,1.567,18,2
63564,12,20.59000027,0.000189,1.716,9,2
85970,14,24.78000021,0.000163,1.77,3,1
131232,16,29.53999937,0.000122,1.846,2,1
152454,22,37.84999979,0.000144,1.72,2,1
28989,2,2.290000021,0.000069,1.145,0,1
80248,15,24.1900003,0.000187,1.613,2,1
38580,5,8.519999981,0.00013,1.704,0,1
621591,91,163.36,0.000146,1.795,7,5
250499,36,58.14000005,0.000144,1.615,9,3
131637,18,29.30999982,0.000137,1.628,0,2
463813,69,116.3399996,0.000149,1.686,19,4
211767,35,60.89999914,0.000165,1.74,12,5
163181,26,40.02000093,0.000159,1.539,9,1
1117385,147,260.0699984,0.000132,1.769,12,11
1663441,205,359.4700001,0.000123,1.754,54,17
455248,54,105.7099996,0.000119,1.958,12,5
75589,6,10.66000009,0.000079,1.777,0,1
594267,82,143.3000009,0.000138,1.748,7,3
315281,35,65.02999854,0.000111,1.858,9,1
363456,71,117.5599997,0.000195,1.656,10,7
438983,81,143.4300001,0.000185,1.771,7,3
42563,5,9.659999847,0.000117,1.932,0,1
399035,75,124.7999995,0.000188,1.664,5,7
304680,59,98.55000019,0.000194,1.67,11,3
140596,23,40.77000022,0.000164,1.773,9,1
439986,80,134.8799999,0.000182,1.686,10,4
75803,11,19.3599999,0.000145,1.76,2,2
7073,0,0,0,0,0,0
153586,28,43.01000035,0.000182,1.536,13,2
180815,31,42.62999976,0.000171,1.375,2,1
253169,51,75.78999984,0.000201,1.486,10,1
34453,5,7.710000038,0.000145,1.542,0,1
51550,8,14.03999984,0.000155,1.755,0,1
110018,24,39.85999966,0.000218,1.661,12,1
137584,21,36.77999961,0.000153,1.751,8,1
209825,30,54.86999953,0.000143,1.829,1,1
264222,63,87.7899996,0.000238,1.393,10,1
31202,5,6.730000019,0.00016,1.346,0,1
252991,49,76.83999932,0.000194,1.568,5,3
56265,9,15.53999972,0.00016,1.727,0,1
76923,11,17.67000008,0.000143,1.606,2,2
209332,30,49.60000014,0.000143,1.653,2,3
214094,31,53.26999903,0.000145,1.718,2,1
526209,85,126.9299996,0.000162,1.493,10,3
741143,120,179.620001,0.000162,1.497,14,4
172827,25,38.42000043,0.000145,1.537,2,2
188873,38,58.5999999,0.000201,1.542,10,1
123126,25,39.72999978,0.000203,1.589,0,2
77794,14,19.11000001,0.00018,1.365,0,1
56630,9,15.81000018,0.000159,1.757,0,1
400844,85,140.9700022,0.000212,1.658,20,4
208572,36,60.76000023,0.000173,1.688,10,2
59004,8,13.51000011,0.000136,1.689,0,1
196253,32,55.10000002,0.000163,1.722,0,1
51858,8,12.63000011,0.000154,1.579,0,1
280764,49,81.36000025,0.000175,1.66,19,2
63660,11,16.47000003,0.000173,1.497,0,1
109289,19,31.02999997,0.000174,1.633,2,1
188440,40,60.72999966,0.000212,1.518,21,2
212496,44,74.83000135,0.000207,1.701,11,2
32574,5,7.480000019,0.000153,1.496,0,1
128595,23,36.4800005,0.000179,1.586,6,1
242234,48,68.06000054,0.000198,1.418,34,2
33154,5,7.879999995,0.000151,1.576,0,1
9773,1,1.460000038,0.000102,1.46,0,1
464036,77,123.5500004,0.000166,1.605,9,3
478480,75,135.7500012,0.000157,1.81,9,3
428812,66,116.8800001,0.000154,1.771,20,4
1177535,221,365.6600009,0.000188,1.655,57,15
426500,72,128.2799988,0.000169,1.782,25,4
54237,7,10.77999985,0.000129,1.54,0,2
506916,89,133.6999986,0.000176,1.502,8,2
250960,42,64.87999952,0.000167,1.545,1,2
2286228,353,603.380002,0.000154,1.709,50,16
915451,125,220.559999,0.000137,1.764,34,6
159478,20,33.89999998,0.000125,1.695,12,3
1228924,190,318.9700032,0.000155,1.679,56,6
938283,134,248.6400001,0.000143,1.856,49,7
154572,26,40.93000007,0.000168,1.574,2,1
378171,70,109.2500008,0.000185,1.561,19,1
468749,84,134.1199975,0.000179,1.597,9,6
309823,60,103.3899996,0.000194,1.723,18,4
327227,65,116.5599996,0.000199,1.793,20,5
334945,72,120.2999994,0.000215,1.671,24,2
68859,15,25.45999968,0.000218,1.697,1,1
127125,20,35.67999983,0.000157,1.784,1,2
415798,80,131.7800006,0.000192,1.647,9,3
107671,20,29.91000021,0.000186,1.496,20,1
164356,28,46.7900002,0.00017,1.671,12,2
17662,2,3.189999938,0.000113,1.595,0,1
65339,10,16.67999983,0.000153,1.668,0,2
59838,7,11.11000013,0.000117,1.587,0,1
381577,81,127.5699993,0.000212,1.575,9,2
45491,8,11.00999999,0.000176,1.376,0,1
18946,2,3.599999905,0.000106,1.8,0,1
114370,18,33.65999997,0.000157,1.87,5,1
99698,21,33.3499999,0.000211,1.588,21,1
355165,81,128.6099997,0.000228,1.588,9,4
101431,23,33.93000031,0.000227,1.475,0,1
123151,24,36.4400003,0.000195,1.518,0,2
24078,4,5.769999981,0.000166,1.442,0,1
517801,105,181.7200011,0.000203,1.731,25,3
145104,25,41.42000008,0.000172,1.657,0,2
179950,35,58.67999971,0.000194,1.677,0,1
258531,46,80.33999979,0.000178,1.747,23,2
272500,62,104.4599996,0.000228,1.685,23,3
273197,57,87.7300005,0.000209,1.539,19,3
775904,172,253.990002,0.000222,1.477,67,4
120251,26,39.44000006,0.000216,1.517,3,1
139406,24,39.04999948,0.000172,1.627,1,1
60314,11,16.93999958,0.000182,1.54,0,2
563074,86,142.7099985,0.000153,1.659,25,4
168655,18,27.29999983,0.000107,1.517,1,2
111963,17,29.3799994,0.000152,1.728,1,2
1026304,168,277.5799986,0.000164,1.652,45,17
1391924,258,422.8400038,0.000185,1.639,51,17
147551,22,38.50000083,0.000149,1.75,1,1
66794,9,17.3299998,0.000135,1.926,0,1
118882,19,32.30999994,0.00016,1.701,0,2
148010,24,41.96999943,0.000162,1.749,1,1
932890,197,352.4499989,0.000211,1.789,75,3
718359,147,264.5899997,0.000205,1.8,25,4
433658,82,158.5999998,0.000189,1.934,8,5
29455,3,4.769999981,0.000102,1.59,0,1
23973,3,4.820000052,0.000125,1.607,0,1
126480,25,37.25999999,0.000198,1.49,0,1
138959,28,39.5200007,0.000201,1.411,2,1
68829,12,19.47999978,0.000174,1.623,0,1
49916,10,16.38,0.0002,1.638,0,1
76014,16,22.67000031,0.00021,1.417,2,1
50947,10,15.99000025,0.000196,1.599,0,1
55536,11,17.04999995,0.000198,1.55,0,1
318042,46,64.40999997,0.000145,1.4,2,8
213016,30,44.21999955,0.000141,1.474,2,8
182265,27,38.18000007,0.000148,1.414,2,2
1117371,177,268.050002,0.000158,1.514,55,26
333345,52,77.59000027,0.000156,1.492,23,5
275930,30,46.77999997,0.000109,1.559,0,5
740631,101,153.1199975,0.000136,1.516,10,9
328272,35,55.99000025,0.000107,1.6,5,2
178455,20,31.5400002,0.000112,1.577,4,6
705712,98,147.339999,0.000139,1.503,9,6
690373,91,159.5700021,0.000132,1.754,25,5
515812,69,117.6299995,0.000134,1.705,5,3
764793,101,171.9799976,0.000132,1.703,25,4
87832,11,18.10000038,0.000125,1.645,0,1
23368,3,4.300000191,0.000128,1.433,0,1
51509,7,11.57000005,0.000136,1.653,0,1
87043,16,24.48000002,0.000184,1.53,3,2
565565,113,169.6699982,0.0002,1.502,28,7
253758,43,62.14000034,0.000169,1.445,5,4
319131,51,76.68000025,0.00016,1.504,10,6
670608,130,195.1499978,0.000194,1.501,21,11
159123,25,38.36000013,0.000157,1.534,9,5
103709,15,24.56999969,0.000145,1.638,10,3
271589,45,74.41000032,0.000166,1.654,12,9
119772,20,33.46999907,0.000167,1.673,3,5
26340,3,4.220000029,0.000114,1.407,0,1
594968,111,147.6700006,0.000187,1.33,18,4
6838,0,0,0,0,0,0
185665,39,62.14000058,0.00021,1.593,14,1
24959,3,4.560000062,0.00012,1.52,0,1
136967,23,35.05999982,0.000168,1.524,0,3
107548,19,29.31000018,0.000177,1.543,5,1
588617,119,169.9199973,0.000202,1.428,18,2
190560,26,41.63,0.000136,1.601,5,3
373110,49,75.70000076,0.000131,1.545,9,4
935646,170,256.4699982,0.000182,1.509,22,19
2223278,421,612.3000032,0.000189,1.454,50,38
240497,36,51.84000087,0.00015,1.44,12,1
259984,37,54.7900002,0.000142,1.481,7,5
606786,127,179.050001,0.000209,1.41,16,11
83270,13,17.74000001,0.000156,1.365,0,1
1189509,268,375.7199963,0.000225,1.402,62,7
11471,1,1.570000052,0.000087,1.57,0,0
1705246,295,429.4799981,0.000173,1.456,78,23
418016,63,95.8500005,0.000151,1.521,15,3
30155,3,3.819999933,0.000099,1.273,0,1
990404,153,226.5399992,0.000154,1.481,22,12
187468,34,50.72000062,0.000181,1.492,4,2
208301,33,54.57000089,0.000158,1.654,2,1
101856,16,25.22000039,0.000157,1.576,3,4
48935,7,9.970000267,0.000143,1.424,0,1
13911,1,1.730000019,0.000072,1.73,0,1
511726,77,123.0900019,0.00015,1.599,19,8
177452,24,37.83000016,0.000135,1.576,3,2
149808,20,33.03999937,0.000134,1.652,2,1
390339,60,105.0199997,0.000154,1.75,23,9
8350,0,0,0,0,0,0
39339,4,5.929999948,0.000102,1.482,0,1
8587,0,0,0,0,0,0
24893,2,3.75,0.00008,1.875,0,1
1296189,212,343.2599944,0.000164,1.619,71,14
91607,12,19.1899997,0.000131,1.599,0,2
238036,38,61.02999771,0.00016,1.606,5,6
254344,35,56.16999996,0.000138,1.605,5,2
157705,23,39.23000026,0.000146,1.706,3,2
411571,60,99.1799984,0.000146,1.653,22,6
94136,11,16.17999971,0.000117,1.471,0,1
82640,16,23.97000039,0.000194,1.498,7,1
17870,2,2.620000005,0.000112,1.31,0,1
19178,2,2.779999971,0.000104,1.39,0,1
5264,0,0,0,0,0,0
145548,28,42.37000036,0.000192,1.513,12,2
82455,15,22.04999971,0.000182,1.47,8,1
44189,7,10.31999981,0.000158,1.474,0,2
45199,7,9.809999943,0.000155,1.401,0,1
221843,43,63.45000076,0.000194,1.476,6,5
41672,6,10.54999995,0.000144,1.758,0,2
127546,25,38.94000041,0.000196,1.558,3,2
127865,28,38.02999961,0.000219,1.358,3,3
1025327,229,314.2999983,0.000223,1.372,49,16
561415,124,173.76,0.000221,1.401,12,3
132803,25,37.32000124,0.000188,1.493,3,2
24664,2,2.629999995,0.000081,1.315,0,1
1020561,172,263.8100007,0.000169,1.534,35,7
682143,114,177.1099993,0.000167,1.554,14,6
1247717,222,343.4199994,0.000178,1.547,78,11
146406,23,33.22999942,0.000157,1.445,3,1
905699,161,234.6599982,0.000178,1.458,17,4
1184580,194,297.8299981,0.000164,1.535,56,14
98057,20,31.00999963,0.000204,1.55,2,1
238735,56,84.65999889,0.000235,1.512,28,4
320657,77,115.8800026,0.00024,1.505,16,2
244074,57,84.51000023,0.000234,1.483,21,4
39146,8,13.05999959,0.000204,1.632,0,1
78468,15,23.64999962,0.000191,1.577,11,1
325653,63,89.35000026,0.000193,1.418,21,2
66277,12,17.30000019,0.000181,1.442,0,1
93002,16,23.33999968,0.000172,1.459,7,1
109723,27,40.9600004,0.000246,1.517,7,1
118941,35,50.11000001,0.000294,1.432,7,4
221576,47,66.79000068,0.000212,1.421,10,6
8341,1,1.639999986,0.00012,1.64,0,1
120335,26,36.2299993,0.000216,1.393,0,2
182098,40,62.86999989,0.00022,1.572,10,1
227473,52,71.58000052,0.000229,1.377,22,1
1050947,230,350.5099957,0.000219,1.524,79,6
720859,162,213.6899986,0.000225,1.319,49,13
41111,8,10.96000016,0.000195,1.37,0,1
148616,25,37.39999962,0.000168,1.496,1,6
707260,135,210.8200028,0.000191,1.562,18,13
139596,26,42.41000032,0.000186,1.631,0,1
105399,22,33.19999933,0.000209,1.509,0,2
222378,50,72.91000104,0.000225,1.458,2,1
975792,210,293.8800011,0.000215,1.399,56,10
579150,125,167.0499997,0.000216,1.336,20,5
449588,81,123.800001,0.00018,1.528,10,5
318157,56,85.70000196,0.000176,1.53,10,3
196967,43,65.17999971,0.000218,1.516,13,2
158298,37,46.43000007,0.000234,1.255,0,4
222739,55,68.55999959,0.000247,1.247,19,5
20780,5,8.189999938,0.000241,1.638,0,1
128616,33,48.54999948,0.000257,1.471,1,2
258954,61,82.27999902,0.000236,1.349,18,1
205289,48,71.53000104,0.000234,1.49,15,3
611601,138,191.419996,0.000226,1.387,30,8
947657,233,321.8700004,0.000246,1.381,20,8
233043,49,65.03000033,0.00021,1.327,18,2
582725,142,194.8099988,0.000244,1.372,12,9
265038,51,78.45999932,0.000192,1.538,34,2
222273,39,53.62999868,0.000175,1.375,9,6
797234,170,243.7699978,0.000213,1.434,18,4
925555,182,262.8899981,0.000197,1.444,25,4
22210,3,4.050000191,0.000135,1.35,0,1
46391,11,16.40999985,0.000237,1.492,0,3
190477,42,66.38999987,0.00022,1.581,6,1
25382,7,9.609999895,0.000276,1.373,0,1
65726,17,22.12000012,0.000259,1.301,1,2
195220,51,78.06000042,0.000261,1.531,21,1
107501,27,40.87999928,0.000251,1.514,5,2
197772,63,88.21000016,0.000319,1.4,9,7
138154,35,48.93999863,0.000253,1.398,13,1
270124,69,95.84999895,0.000255,1.389,27,2
303971,77,106.9299998,0.000253,1.389,22,11
682046,183,254.419997,0.000268,1.39,18,4
328365,83,117.3400005,0.000253,1.414,8,2
1083259,276,390.2599992,0.000255,1.414,69,11
913929,245,340.4099993,0.000268,1.389,54,7
101586,24,33.47000039,0.000236,1.395,8,2
181053,46,66.27999985,0.000254,1.441,14,3
133419,35,48.18000007,0.000262,1.377,11,2
489573,113,156.1199993,0.000231,1.382,11,3
822023,194,288.3300035,0.000236,1.486,35,6
93176,29,40.37000024,0.000311,1.392,11,1
47229,13,19.27999985,0.000275,1.483,0,1
92263,24,34.03000015,0.00026,1.418,7,1
81551,21,29.67000008,0.000258,1.413,0,1
141037,32,47.78999913,0.000227,1.493,12,3
319501,79,111.6500003,0.000247,1.413,28,0
72741,19,24.33000016,0.000261,1.281,0,2
597419,135,188.5100002,0.000226,1.396,12,2
98768,21,33.14000034,0.000213,1.578,5,1
173165,41,59.85000026,0.000237,1.46,19,1
55823,13,21.10999966,0.000233,1.624,0,1
118451,28,38.35000062,0.000236,1.37,2,4
74424,22,30.84000027,0.000296,1.402,0,1
47929,12,14.58999991,0.00025,1.216,0,1
40801,12,15.91999972,0.000294,1.327,0,0
66017,17,24.22000015,0.000258,1.425,0,1
725043,179,238.4000007,0.000247,1.332,65,5
382776,97,132.7300007,0.000253,1.368,32,5
548250,137,201.6000042,0.00025,1.472,11,5
1358324,346,465.0799981,0.000255,1.344,53,8
662249,163,234.9399992,0.000246,1.441,15,2
559554,139,195.0799994,0.000248,1.403,9,2
320757,68,104.6899989,0.000212,1.54,12,2
906151,202,295.5499957,0.000223,1.463,45,1
699314,164,226.0300014,0.000235,1.378,16,3
850337,198,287.690003,0.000233,1.453,19,3
1015460,247,315.9000051,0.000243,1.279,78,9
890295,227,332.9899989,0.000255,1.467,49,1
791817,194,282.490001,0.000245,1.456,19,4
317601,76,115.6600008,0.000239,1.522,28,1
685211,164,247.3200026,0.000239,1.508,16,4
32781,7,11.20000017,0.000214,1.6,0,2
76785,19,25.45999998,0.000247,1.34,12,3
719083,206,299.5299983,0.000286,1.454,56,12
368480,107,140.4200011,0.00029,1.312,10,5
260945,73,100.8800011,0.00028,1.382,23,2
40998,10,13.35000038,0.000244,1.335,0,1
183293,53,73.74999964,0.000289,1.392,10,2
221561,55,76.75999916,0.000248,1.396,9,1
436943,109,145.8199974,0.000249,1.338,10,1
284488,90,125.2700011,0.000316,1.392,10,1
85083,32,38.62999976,0.000376,1.207,5,1
14167,5,7.139999986,0.000353,1.428,0,1
300637,84,116.9899981,0.000279,1.393,8,2
449921,129,175.9700005,0.000287,1.364,21,5
282899,71,105.6600007,0.000251,1.488,17,1
669671,186,259.1799988,0.000278,1.393,65,4
108655,28,46.92000186,0.000258,1.676,0,1
536248,146,187.7399978,0.000272,1.286,35,3
1055017,265,380.6599952,0.000251,1.436,54,16
1428421,367,541.7000023,0.000257,1.476,78,10
1088027,272,409.5600026,0.00025,1.506,27,9
288517,78,102.3900002,0.00027,1.313,23,3
202231,53,67.13000107,0.000262,1.267,21,3
73222,16,22.86000025,0.000219,1.429,8,1
348542,96,134.889999,0.000275,1.405,9,2
1097966,266,369.069997,0.000242,1.387,46,16
526923,138,198.0899972,0.000262,1.435,40,2
264386,66,91.00000054,0.00025,1.379,14,4
854940,227,297.9100007,0.000266,1.312,18,8
113567,34,50.29000044,0.000299,1.479,9,3
22859,6,9.419999838,0.000262,1.57,0,1
51754,13,20.51999998,0.000251,1.578,0,1
104347,28,38.13999993,0.000268,1.362,0,4
391998,97,142.0500025,0.000247,1.464,10,3
1111156,282,402.3000026,0.000254,1.427,58,5
427772,117,159.299999,0.000274,1.362,40,3
536457,136,193.6599991,0.000254,1.424,25,2
179894,43,66.83999872,0.000239,1.554,5,2
479882,131,178.6700007,0.000273,1.364,19,6
358261,91,130.3600011,0.000254,1.433,11,1
346688,88,114.8599998,0.000254,1.305,5,2
33445,2,3.199999928,0.00006,1.6,0,1
72228,5,7.529999852,0.000069,1.506,0,4
49699,2,2.690000057,0.00004,1.345,0,2
189761,18,27.32999969,0.000095,1.518,18,4
312524,37,53.78999972,0.000118,1.454,0,2
496760,42,61.00999904,0.000085,1.453,9,10
310988,34,46.66999936,0.000109,1.373,9,11
98606,9,12.10999984,0.000091,1.346,0,1
51104,2,3.199999928,0.000039,1.6,0,3
276762,22,32.09000015,0.000079,1.459,0,5
33534,2,2.960000038,0.00006,1.48,0,1
128859,16,23.69999957,0.000124,1.481,2,1
92080,12,16.94000018,0.00013,1.412,0,3
211882,33,46.64999926,0.000156,1.414,4,3
112776,9,12.67999995,0.00008,1.409,0,1
145324,14,19.82000005,0.000096,1.416,0,2
106492,14,21.26000023,0.000131,1.519,0,2
233845,30,40.73000062,0.000128,1.358,3,3
155426,17,25.01000023,0.000109,1.471,2,3
97540,8,11.5199995,0.000082,1.44,0,2
61441,5,7.700000048,0.000081,1.54,0,1
76703,9,12.14999962,0.000117,1.35,0,3
68619,10,14.96000034,0.000146,1.496,0,1
17559,1,1.49000001,0.000057,1.49,0,1
137879,19,28.47000003,0.000138,1.498,8,2
67710,10,15.14999998,0.000148,1.515,0,1
348180,41,60.22999907,0.000118,1.469,10,3
146246,18,28.71999955,0.000123,1.596,0,3
187236,24,34.86999965,0.000128,1.453,6,2
72157,9,13.50000036,0.000125,1.5,0,1
91180,10,13.55999994,0.00011,1.356,0,1
86293,6,9.259999871,0.00007,1.543,0,1
101410,12,17.94000006,0.000118,1.495,0,4
134245,18,25.75000024,0.000134,1.431,7,2
125650,20,30.08000076,0.000159,1.504,9,4
50406,5,7.26000011,0.000099,1.452,0,1
121769,13,18.41999996,0.000107,1.417,0,2
267106,34,50.5,0.000127,1.485,2,4
365539,57,82.13999915,0.000156,1.441,16,5
188758,25,36.60000038,0.000132,1.464,6,2
108426,13,19.58000016,0.00012,1.506,0,1
138525,9,13.65000045,0.000065,1.517,0,3
150858,21,30.26000011,0.000139,1.441,7,1
524306,81,113.6800029,0.000154,1.403,78,10
104496,9,11.42999983,0.000086,1.27,0,3
452519,68,99.52000237,0.00015,1.464,23,7
442919,76,110.7800021,0.000172,1.458,20,21
596831,86,120.8799992,0.000144,1.406,5,11
173912,26,35.54000032,0.00015,1.367,2,2
780967,86,119.6400018,0.00011,1.391,12,20
132124,8,11.18999994,0.000061,1.399,0,4
623137,100,138.9200006,0.00016,1.389,15,12
99020,10,14.48000044,0.000101,1.448,0,4
665817,117,163.8000002,0.000176,1.4,10,23
699232,80,111.9899995,0.000114,1.4,7,12
72982,11,15.04999995,0.000151,1.368,0,1
975884,167,237.3199975,0.000171,1.421,45,14
245607,33,47.87999952,0.000134,1.451,9,3
485369,114,164.6400015,0.000235,1.444,37,3
866355,139,200.8299961,0.00016,1.445,25,11
502710,72,105.2199969,0.000143,1.461,24,8
475184,88,127.3200028,0.000185,1.447,8,4
357401,47,68.67000008,0.000132,1.461,21,8
99810,14,20.05000019,0.00014,1.432,0,2
81569,6,9.409999967,0.000074,1.568,0,3
441192,53,77.59999979,0.00012,1.464,15,6
90470,11,16.73000002,0.000122,1.521,0,1
834243,166,246.7499975,0.000199,1.486,12,18
696612,152,223.1899948,0.000218,1.468,11,31
329333,48,67.60999918,0.000146,1.409,19,1
1114711,224,319.0000019,0.000201,1.424,43,6
267316,58,82.92999887,0.000217,1.43,12,3
228629,38,57,0.000166,1.5,0,2
758340,159,233.110002,0.00021,1.466,15,13
877535,149,217.7799966,0.00017,1.462,12,5
1357386,223,323.0600071,0.000164,1.449,45,10
280240,61,87.99000168,0.000218,1.442,18,2
419922,75,105.4500008,0.000179,1.406,20,3
402975,83,120.8999977,0.000206,1.457,13,1
1137635,211,301.0499992,0.000185,1.427,58,30
250234,40,62.31999922,0.00016,1.558,10,4
904907,195,279.219995,0.000215,1.432,19,11
589270,107,158.0500023,0.000182,1.477,7,10
168714,24,36.01000071,0.000142,1.5,14,2
71982,11,16.34000051,0.000153,1.485,0,1
558666,110,162.6399975,0.000197,1.479,9,14
1118200,235,333.7499943,0.00021,1.42,67,11
107100,23,33.71000051,0.000215,1.466,0,1
877769,160,232.5900005,0.000182,1.454,13,13
212508,33,47.69000006,0.000155,1.445,18,4
1129773,252,358.189997,0.000223,1.421,76,13
637549,120,173.8800035,0.000188,1.449,12,3
151531,28,40.28999949,0.000185,1.439,10,2
790253,135,198.7100005,0.000171,1.472,13,8
513161,114,165.6099987,0.000222,1.453,35,5
